--------------------------------------------------------
--  Datei erstellt -Dienstag-Oktober-25-2016   
--------------------------------------------------------
REM INSERTING into ABO971.BESTELLUNGEN
SET DEFINE OFF;
Insert into ABO971.BESTELLUNGEN (BESTELLUNGENID,TEILEID,KUNDENID,ANZAHL,PREIS,DATUM,MONAT) values ('161','3','3','2','500','20161024','Oktober');
Insert into ABO971.BESTELLUNGEN (BESTELLUNGENID,TEILEID,KUNDENID,ANZAHL,PREIS,DATUM,MONAT) values ('160','3','3','2','500','20161024','Oktober');
Insert into ABO971.BESTELLUNGEN (BESTELLUNGENID,TEILEID,KUNDENID,ANZAHL,PREIS,DATUM,MONAT) values ('163','2','2','4','451','20161024','August');
Insert into ABO971.BESTELLUNGEN (BESTELLUNGENID,TEILEID,KUNDENID,ANZAHL,PREIS,DATUM,MONAT) values ('162','2','2','4','451','20161024','August');
Insert into ABO971.BESTELLUNGEN (BESTELLUNGENID,TEILEID,KUNDENID,ANZAHL,PREIS,DATUM,MONAT) values ('166','3','2','5','66','2016223','M‰rz');
Insert into ABO971.BESTELLUNGEN (BESTELLUNGENID,TEILEID,KUNDENID,ANZAHL,PREIS,DATUM,MONAT) values ('168','3','2','5','66','2016223','M‰rz');
Insert into ABO971.BESTELLUNGEN (BESTELLUNGENID,TEILEID,KUNDENID,ANZAHL,PREIS,DATUM,MONAT) values ('169','3','2','2','66','2016223','M‰rz');
REM INSERTING into ABO971.KUNDEN
SET DEFINE OFF;
Insert into ABO971.KUNDEN (KUNDENID,VORNAME,NACHNAME,STRASSE,HAUSNUMMER,PLZ,EMAIL,TELEFON,WOHNORT) values ('2','MARK','LASTNAME','Schloﬂstraﬂe','2','22047','mark@haw-hamburg.de','40123456','Hamburg');
Insert into ABO971.KUNDEN (KUNDENID,VORNAME,NACHNAME,STRASSE,HAUSNUMMER,PLZ,EMAIL,TELEFON,WOHNORT) values ('3','LISA','LASTNAME','Riverside','3','22047','lisa@haw-hamburg.de','40123456','Hamburg');
Insert into ABO971.KUNDEN (KUNDENID,VORNAME,NACHNAME,STRASSE,HAUSNUMMER,PLZ,EMAIL,TELEFON,WOHNORT) values ('4','Christian','Truempelmann','Sesamstrasse','1a','22047','mail@true.de','13241','Hamburg');
Insert into ABO971.KUNDEN (KUNDENID,VORNAME,NACHNAME,STRASSE,HAUSNUMMER,PLZ,EMAIL,TELEFON,WOHNORT) values ('5','Peter','Ramsauer','Habastrasse','1','22047','mail@true.de','125425','Hamburg');
Insert into ABO971.KUNDEN (KUNDENID,VORNAME,NACHNAME,STRASSE,HAUSNUMMER,PLZ,EMAIL,TELEFON,WOHNORT) values ('6','Angy','Merkel','Habastrasse','1','22047','mail@true.de','125425','Hamburg');
Insert into ABO971.KUNDEN (KUNDENID,VORNAME,NACHNAME,STRASSE,HAUSNUMMER,PLZ,EMAIL,TELEFON,WOHNORT) values ('7','Vladi','Putin','Habastrasse','1','22047','mail@true.de','125425','Hamburg');
Insert into ABO971.KUNDEN (KUNDENID,VORNAME,NACHNAME,STRASSE,HAUSNUMMER,PLZ,EMAIL,TELEFON,WOHNORT) values ('8','George','Dabbelju','WeissesHaus','1','22047','mail@true.de','125425','Hamburg');
Insert into ABO971.KUNDEN (KUNDENID,VORNAME,NACHNAME,STRASSE,HAUSNUMMER,PLZ,EMAIL,TELEFON,WOHNORT) values ('12','George','Dabbelju','WeissesHaus','1','22047','mail@true.de','125425','Hamburg');
REM INSERTING into ABO971.LIEFERANTEN
SET DEFINE OFF;
Insert into ABO971.LIEFERANTEN (LIEFERANTENID,FIRMENNAME,INHABER,STRASSE,HAUSNUMMER,TELEFON) values ('1','VW_SUPPLY','Mr. X','VW Autostadt','1','1234');
Insert into ABO971.LIEFERANTEN (LIEFERANTENID,FIRMENNAME,INHABER,STRASSE,HAUSNUMMER,TELEFON) values ('2','BMW_SUPPLY','Mr. Y','Munich Allee','1','5678');
REM INSERTING into ABO971.PRODUKTIONSAUFTRAEGE
SET DEFINE OFF;
Insert into ABO971.PRODUKTIONSAUFTRAEGE (BESTELLUNGENID,TEILEID,ANZAHL,MONAT,LIEFERANTENID) values ('160','3','2','Oktober','2');
Insert into ABO971.PRODUKTIONSAUFTRAEGE (BESTELLUNGENID,TEILEID,ANZAHL,MONAT,LIEFERANTENID) values ('162','2','4','August','2');
Insert into ABO971.PRODUKTIONSAUFTRAEGE (BESTELLUNGENID,TEILEID,ANZAHL,MONAT,LIEFERANTENID) values ('166','3','12','M‰rz','2');
REM INSERTING into ABO971.TEILE
SET DEFINE OFF;
Insert into ABO971.TEILE (TEILEID,BEZEICHNUNG,LIEFERANTENID,TEILVON,ANZAHL,PREIS) values ('2','FELGE 17" BMW 1er','2','3','2','500');
Insert into ABO971.TEILE (TEILEID,BEZEICHNUNG,LIEFERANTENID,TEILVON,ANZAHL,PREIS) values ('3','BMW 1er','2',null,'100','25000');
